idx,id,asset_code,name_th,asset_type_id,asset_details_land_size,asset_details_area_color,asset_details_number_of_bedrooms,asset_details_number_of_bathrooms,asset_details_frontage,asset_details_selling_price,images_main_id,updated_at,created_at,name_en,asset_details_description_th,asset_details_description_en,related_documents_document_id,location_village_th,location_village_en,location_road_th,location_road_en,location_postal_code,location_latitude,location_longitude,announcement_status_status_id,location_province_id,location_district_id,location_sub_district_id,asset_details_land_size_rai,asset_details_land_size_ngan,asset_details_land_size_square_meter,asset_details_total_area,asset_details_land_size_square_wah,fixed_type,school,school_name,park,park_name,hospital,hospital_name,veterinary,veterinary_name,convenience_store,convenience_store_name,shopping_mall,shopping_mall_name,market,market_name,supermarket,supermarket_name,bts_station,bts_station_name,train_station,train_station_name,bus_station,bus_station_name,beach,beach_name,temple,temple_name,museum,museum_name,tourist_attraction,tourist_attraction_name,viewpoint,viewpoint_name,river,river_name,golf_course,golf_course_name,restaurant,restaurant_name,cafe,cafe_name,gym,gym_name,spa,spa_name,hotel,hotel_name,university,university_name
0,8,8Z5956,โครงการห้าดาวคอนโดมิเนียม โครงการ 2,3,32.0,-,1,1,10.0,776000,32,2025-10-15 02:14:06.238000+00:00,2025-09-30 10:40:41.391000+00:00,5 Star Condominium Project 2,"รายละเอียดทรัพย์สิน

ห้องชุดพักอาศัย เลขที่ 110/113 ชั้นที่ 4 ชื่ออาคารชุดห้าดาวคอนโดมิเนียม โครงการ 2 ทะเบียนอาคารชุดเลขที่ 15/2535 (มี 1 ห้องโถง 1 ห้องน้ำ)

อัตราส่วนแห่งกรรมสิทธิ์ในทรัพย์ส่วนกลาง : 629 ส่วน ใน 178,546 ส่วน

ข้อมูลอาคารชุด : อาคารสูง 12 ชั้น มีจำนวนห้องชุดรวม 258 ห้อง มีลิฟท์ 2 ชุด ยามรักษาความปลอดภัย 24 ชม. กล้องวงจรปิด
ข้อมูล ณ วันที่ 20 ต.ค. 65 ค่าส่วนกลางประมาณ 640.00 บาท/เดือน
หมายเหตุ : -สถานที่สำคัญบริเวณใกล้เคียง  ได้แก่ สำนักงานใหญ่ธนาคารออมสิน แนวรถไฟฟ้าสายสีเขียวอ่อนสุขุมวิท สถานีรถไฟฟ้าสะพานควาย โรงพยาบาลเปาโล ห้างบิ๊กซี เป็นต้น
",,,110/113 ห้าดาวคอนโดมิเนียม โครงการ 2,110/113 5 Star Condominium Project 2,ประดิพัทธ์,Pradiphat Road,10400,13.7933663,100.5409665,1,1,1014,,0,0,32.0,32.0,0.0,อาคารชุด,1441,โรงเรียนสามเสนวิทยาลัย,3393,อุทยานผีเสื้อและแมลง กรุงเทพฯ,3932,โรงพยาบาลบางโพ,3264,คลินิกหมอกมลรักษาสัตว์,1613,7-Eleven สาขา อินทรามระ 4 (00207),3165,เจเจมอลล์ จตุจักร ติดแอร์,7503,กรุงเทพมหานคร,2679,ร้านโครงการหลวง สาขา ตลาด อ.ต.ก.,2869.0,สถานีบางซื่อ,2311.0,Sam Sen,1479.0,สน.บางซื่อ,7503,กรุงเทพมหานคร,1163.0,วัดพระศิวะเจ้า,3393.0,อุทยานผีเสื้อและแมลง กรุงเทพฯ,3393.0,อุทยานผีเสื้อและแมลง กรุงเทพฯ,7503,กรุงเทพมหานคร,,,7503,กรุงเทพมหานคร,3326,หอยทอดสวัสดีราชวัตร,264,โอไรออน คอฟฟี่,5304,สนามกีฬากองทัพบก,1821,บ้านตำนานไทย ทิชา,7503,กรุงเทพมหานคร,8067.0,อาคาร มิว
1,9,2T0377,บ้านเดี่ยว,4,6324.0,เหลือง,1,1,8.0,64686000,37,2025-09-30 10:52:17.885000+00:00,2025-09-30 10:52:17.885000+00:00,Detached house,"รายละเอียดทรัพย์สิน
ที่ดินจำนวน 3 แปลงติดต่อกัน เป็นรูปหลายเหลี่ยม ขนาดแปลงที่ดินด้านทิศตะวันออก กว้างประมาณ 36 ม. (ส่วนที่ติดถนนกว้างประมาณ 8 ม.) ลึกสุดประมาณ 180 ม.


บสส.รับโอนกรรมสิทธิ์สิ่งปลูกสร้าง ประกอบด้วย 
1.อาคารพักอาศัย 2 ชั้น (คสล.)
2.อาคารศาลากลางน้ำ (คสล.)
3.อาคารป้อมยาม (คสล.)

ทางเข้า-ออกทรัพย์สิน ก่อนออกสู่ทางสาธารณประโยชน์ ต้องผ่านซอยราษฎร์พัฒนา 2 เป็นทางส่วนบุคคลโฉนดที่ดินเลขที่ 214201 เลขที่ดิน 656 ได้มีการจดภาระจำยอมให้แปลงทรัพย์สินโฉนดที่ดินเลขที่ 218866 และ 242134 เรียบร้อยแล้ว ส่วนทรัพย์สินโฉนดที่ดินเลขที่ 2037 ได้แบ่งจากแปลงทางจึงไม่มีปัญหาเรื่องทางเข้า-ออก ผิวจราจรคอนกรีต กว้างประมาณ 5 ม. เขตทางกว้างประมาณ 8 ม. ++ผู้สนใจควรตรวจสอบเรื่องสิทธิในการใช้ทางให้เป็นที่พึงพอใจก่อนการเสนอซื้อ++
หมายเหตุ : - ทรัพย์สินตั้งอยู่ในย่านที่อยู่อาศัย การคมนาคมสะดวก
- สถานที่สำคัญบริเวณใกล้เคียง ได้แก่ โรงเรียนวิทยานนท์ และสำนักงานที่ดิน สาขาบึงกุ่ม เป็นต้น

+ทรัพย์รายการนี้ ผู้สนใจสามารถเข้าร่วมการประมูล ด้วยการลงทะเบียนและยื่นซองประมูล พร้อมเอกสารประกอบการประมูล  ได้ด้วยตนเอง ที่ บสส. หรือผ่านไปรษณีย์ด่วนพิเศษ (EMS)  ซึ่งมีกำหนดการดังนี้
1.ลงทะเบียน และยื่นซองประมูลด้วยตนเองภายในวันที่ 16 ก.ย. 68 ถึง วันที่ 15 ต.ค. 68 ที่ บสส. 
2.ลงทะเบียน และยื่นซองประมูลผ่านไปรษณีย์ด่วนพิเศษ (EMS) จะต้องดำเนินการดังนี้
- ลงทะเบียนเข้าร่วมประมูล และยื่นซองประมูลภายในวันที่ 16 ก.ย. 68 ถึง วันที่ 15 ต.ค. 68 เท่านั้น ซึ่งผู้สนใจเข้าร่วมประมูลจะต้องติดต่อเจ้าหน้าที่ บสส. ก่อนเพื่อดำเนินการรับลงทะเบียน และยื่นซองประมูลผ่านไปรษณีย์ด่วนพิเศษ (EMS) โดย บสส.จะเอาวันที่ไปรษณีย์ลงตราประทับรับเอกสารเป็นสำคัญ  
เปิดซองประมูลวันที่ 24 ต.ค. 2568 เวลา 10.00 น. เป็นต้นไป ณ สำนักงานใหญ่ของ บสส.
และผู้ลงทะเบียนประมูลสามารถรับชมการเปิดซองประมูล ตามวัน เวลา และสถานที่ดังกล่าวข้างต้น หรือ ผู้ประมูลที่มิได้มา ณ สถานที่ประมูลสามารถรับชมผ่านสื่ออิเลคทรอนิกส์ตามที่ บสส. กำหนด
ทั้งนี้ หากมีข้อสงสัย สามารถติดต่อสอบถามได้ที่ เจ้าหน้าที่ฝ่ายขายและส่งเสริมกิจกรรมการขาย โทร. 02-686-1888+

ข้อมูล ณ วันที่ 14 พ.ค. 64
มีผู้ใช้ประโยชน์ในทรัพย์สิน ผู้สนใจซื้อควรตรวจสอบทรัพย์สินก่อนเสนอซื้อ บสส.ขายทรัพย์สินตามสภาพที่เป็นอยู่ ไม่ถือเอาการบุกรุกครอบครองใช้ประโยชน์ในทรัพย์สินเป็นสาระสาคัญ ในการเข้าครอบครองทรัพย์ผู้สนใจซื้อต้องไปเจรจา หรือดำเนินการทางกฎหมายด้วยค่าใช้จ่ายของผู้สนใจซื้อเอง และไม่เป็นเหตุในการยกเลิกการเสนอซื้อ และ/หรือสัญญาจะซื้อจะขาย รวมทั้งไม่สามารถใช้สิทธิเรียกร้องใดๆ กับ บสส.ได้",,,-,-,ราษฎร์พัฒนา,Rat Phatthana,10240,13.784407,100.701647,1,1,1044,,3,3,0.0,6324.0,81.0,บ้าน,1411,โรงเรียนมะเซาะฮะตุดดีน 2,2220,Wonder Art,5246,โรงพยาบาลเกษมราษฎร์ รามคำแหง,2913,คลินิกเอื้อตะวันรักษ์สัตว์,3337,Kudsan Bakery & Coffee,1160,บริษัท ซันเด้น เคมีคอล จำกัด,33721,กรุงเทพมหานคร,3909,CP Freshmart ธรากร,3970.0,หมู่บ้านธารารมณ์,,,,,33721,กรุงเทพมหานคร,3428.0,บ้านคเนทิพย์ เหรัมภะคณปติ,3588.0,ศาลพรานบุญ แม่ทาสี ชัยยะมงคล,2561.0,ตลาดน้ำขวัญเรียม,33721,กรุงเทพมหานคร,5458.0,ทะเลสาป สัมมากร 1,33721,กรุงเทพมหานคร,3904,ร้าน เดลิเซีย พิซซ่า แอนด์ พาสต้า,3337,Kudsan Bakery & Coffee,6326,Master Club,5646,มัทรี นวดเพื่อสุขภาพ สาขา รามคำแหง,33721,กรุงเทพมหานคร,4613.0,Netmight
2,12,TL0576,บ้านแฝด,15,171.2,ส้มอ่อนมีจุดสีขาว,2,1,13.0,1936000,52,2025-09-30 11:09:20.616000+00:00,2025-09-30 11:09:20.616000+00:00,Semi-detached house,"รายละเอียดทรัพย์สิน
ที่ดินเป็นรูปสี่เหลี่ยมจัตุรัส ขนาดแปลงที่ดินด้านทิศใต้ติดถนน กว้างประมาณ 13 ม. ลึกประมาณ 13 ม.


บสส. รับโอนกรรมสิทธิ์สิ่งปลูกสร้างระบุเป็นบ้านพักอาศัยแฝดตึกชั้นเดียว เลขที่ 82/37

ถนนผ่านหน้าทรัพย์สิน ได้แก่ หมู่บ้านเดอะพาโน่ (มาบข่า-ทับมา) เป็นทางในโครงการจัดสรรที่ได้รับอนุญาตแล้ว ผิวจราจรคอนกรีต กว้างประมาณ 6 ม. เขตทางกว้างประมาณ 8 ม. 
หมายเหตุ : - ทรัพย์สินตั้งอยู่ในย่านที่อยู่อาศัย สาธารณูปโภคครบครัน การคมนาคมสะดวก
- สถานที่สำคัญบรเิวณใกล้เคียง ได้แก่ โรงพยาบาลส่งเสริมสุขภาพตำบลบ้านกระเฉท, วัดมาบข่า (บุษบาธาราม) และสำนักงานเทศบาลตำบลมาบข่าพัฒนา เป็นต้น

+ทรัพย์รายการนี้ ผู้สนใจสามารถเข้าร่วมการประมูล ด้วยการลงทะเบียนและยื่นซองประมูล พร้อมเอกสารประกอบการประมูล  ได้ด้วยตนเอง ที่ บสส. หรือผ่านไปรษณีย์ด่วนพิเศษ (EMS)  ซึ่งมีกำหนดการดังนี้
1.ลงทะเบียน และยื่นซองประมูลด้วยตนเองภายในวันที่ 16 ก.ย. 68 ถึง วันที่ 30 ก.ย. 68 ที่ บสส. 
2.ลงทะเบียน และยื่นซองประมูลผ่านไปรษณีย์ด่วนพิเศษ (EMS) จะต้องดำเนินการดังนี้
- ลงทะเบียนเข้าร่วมประมูล และยื่นซองประมูลภายในวันที่ 16 ก.ย. 68 ถึง วันที่ 30 ก.ย. 68 เท่านั้น ซึ่งผู้สนใจเข้าร่วมประมูลจะต้องติดต่อเจ้าหน้าที่ บสส. ก่อนเพื่อดำเนินการรับลงทะเบียน และยื่นซองประมูลผ่านไปรษณีย์ด่วนพิเศษ (EMS) โดย บสส.จะเอาวันที่ไปรษณีย์ลงตราประทับรับเอกสารเป็นสำคัญ  
เปิดซองประมูลวันที่ 8 ต.ค. 2568 เวลา 10.00 น. เป็นต้นไป ณ สำนักงานใหญ่ของ บสส.
และผู้ลงทะเบียนประมูลสามารถรับชมการเปิดซองประมูล ตามวัน เวลา และสถานที่ดังกล่าวข้างต้น หรือ ผู้ประมูลที่มิได้มา ณ สถานที่ประมูลสามารถรับชมผ่านสื่ออิเลคทรอนิกส์ตามที่ บสส. กำหนด
ทั้งนี้ หากมีข้อสงสัย สามารถติดต่อสอบถามได้ที่ เจ้าหน้าที่ฝ่ายขายและส่งเสริมกิจกรรมการขาย โทร. 02-686-1888+",,,82/37 เดอะพาโน่ (มาบข่า-ทับมา),82/37 The Pano (Mapkha-Thapma),บ้านหนองตะพาน-บ้านมาบข่า (รย.4040),Nong Taphan - Ban Khai (Rayong 4040),21180,12.778317,101.205449,1,12,2108,,0,0,0.0,171.2,42.8,บ้าน,2708,โรงเรียนวัดมาบข่า(มาบข่าวิทยาคาร),2275,สวนทุเรียนและฟาร์มปลา,1910,โรงพยาบาลส่งเสริมสุขภาพตำบลบ้านกระเฉท (Bankhacheat Health Promoting Hospital),2496,VetVan Clinic Map Kha (2) เวทแวนคลีนิค มาบข่า,3333,7-Eleven สาขา หนองผักหนาม (นิคมพัฒนา) (11828),4237,บริษัท เวิลด์ อิเล็คทริค ซัพพลายส์ จำกัด,3803,ตำบล มาบข่า,2231,RB MINI Mart & Restaurant,,,,,,,3803,ตำบล มาบข่า,,,,,,,3803,ตำบล มาบข่า,3920.0,Khao Khleng,3803,ตำบล มาบข่า,3743,รีแล็ก ก๋วยเตี๋ยว10 บาท มาบข่าระยอง กาแฟสด Relax Coffee,4550,ลูกหว้ากาแฟ สาขาปั๊มเชลล์มาบข่า,2815,ซ.ซุ้มต้นมะม่วง,3454,KAYA Massage & Spa,3803,ตำบล มาบข่า,,
3,14,3A1163,ชีวาทัย ราชปรารภ,3,,-,2,1,0.0,5211000,34,2025-10-14 01:55:43.092000+00:00,2025-10-14 01:55:43.092000+00:00,Chewathai Ratchaprarop,"Chewathai Ratchaprarop (ชีวาทัย ราชปรารภ) เป็นคอนโดมิเนียมมีอาคารเดียว จำนวน 26 ชั้น 329 ยูนิต
แหล่งช๊อปปิ้ง : ปิรามิตพลาซ่า ห้างสรรพสินค้าเซ็นเตอร์วัน (อนุสาวรีย์ชัยสมรภูมิ) ดีมาร์ทซุปเปอร์มาร์เก็ต คิงเพาเวอร์คอมเพล็กซ์
สถานศึกษาใกล้เคียง : โรงเรียนวัดทัศนารุณสุนทริการาม มหาวิทยาลัยราชภัฏสวนดุสิต ศูนย์การศึกษาศูนย์รางน้ำ โรงเรียนจันทรวิชา โรงเรียนนิธิปริญญา โรงเรียนรัศมีนานาชาติ
สถานพยาบาลใกล้เคียง : โรงพยาบาลราชวิถี
สิ่งอำนวยความสะดวก : ลิฟท์ ที่จอดรถ การรักษาความปลอดภัย 24 ชั่วโมง กล้องวงจรปิด สระว่ายนำ้ ฟิตเนส สวนหย่อม / พื้นที่จัดบาร์บีคิว

- ห้องชุดพักอาศัย เลขที่ 11/94 ชั้นที่ 11 ชื่ออาคารชุด ชีวาทัย ราชปรารภ ทะเบียนอาคารชุดเลขที่ 8/2554 
 
- อัตราส่วนแห่งกรรมสิทธิ์ในทรัพย์ส่วนกลาง : 55.85 ส่วน ใน 17,038.82 ส่วน

- ข้อมูลอาคารชุด : อาคารสูง 26 ชั้น มีจำนวนห้องชุดรวม 325 ห้อง สิ่งอำนวยความสะดวก : สระว่ายน้ำ ฟิตเนส ลิฟท์โดยสาร 2 ตัว ลิฟท์ขนของ 1 ตัว สวนหย่อม

ข้อมูล ณ วันที่ 20 ต.ค. 65 ค่าส่วนกลางประมาณ 1,954.75 บาท/เดือน","Chewathai Ratchaprarop is a single-building condominium with 26 floors and 329 units.
Shopping areas: Pyramid Plaza, Center One Department Store (Victory Monument), D-Mart Supermarket, King Power Complex.
Nearby educational institutions: Wat Thatsanarun Sunthorikaram School, Suan Dusit Rajabhat University, Rangnam Educational Center, Chanthawichai School, Nithiparinya School, Rasami International School.
Nearby medical facilities: Rajavithi Hospital. Facilities: Elevator, parking, 24-hour security, CCTV, swimming pool, fitness center, garden/BBQ area

- Condominium unit number 11/94, 11th floor, Chewathai Ratchaprarop Condominium, Condominium registration number 8/2554

- Ownership ratio of common property: 55.85 out of 17,038.82

- Condominium information: 26-story building with a total of 325 units. Facilities: Swimming pool, fitness center, 2 passenger elevators, 1 service elevator, garden

As of October 20, 2022, the common area fee is approximately 1,954.75 baht/month.",,ชีวาทัย ราชปรารภ ,Chewathai Ratchaprarop,ราชปรารภ,Ratchaprarop,,13.761704,100.542724,1,1,1037,103704.0,0,0,55.85,55.85,0.0,อาคารชุด,4213,โรงเรียนมาแตร์เดอีวิทยาลัย,439,สวนสันติภาพ,1750,โรงพยาบาลพญาไท 1,2730,โรงพยาบาลสัตว์สหมิตร,2156,7-Eleven สาขา ซ.ประชาสงเคราะห์ 4/1 (00047),3610,โรงแรมปทุมวันปริ๊นเซส,6410,กรุงเทพมหานคร,3325,โลตัส ฟอร์จูน,5126.0,บ้านครัวเหนือ,1790.0,พญาไท,1084.0,เซ็นจูรี่,6410,กรุงเทพมหานคร,4168.0,God Shiva Shirne,3000.0,พิพิธภัณฑ์มาดามทุสโซ กรุงเทพ,3610.0,โรงแรมปทุมวันปริ๊นเซส,6410,กรุงเทพมหานคร,3225.0,gift wonderland,6410,กรุงเทพมหานคร,3610,โรงแรมปทุมวันปริ๊นเซส,1733,โรงแรม เดอะ สุโกศล กรุงเทพ,3090,สนามกีฬากองทัพบก,3996,โรงแรมเซ็นทาราแกรนด์ บางกอก คอนเวนชัน เซ็นเตอร์ แอท เซ็นทรัลเวิลด์,6410,กรุงเทพมหานคร,1336.0,อาคาร มิว
4,15,3A1881,อาคารพาณิชย์ 4 ชั้นมีชั้นลอยและดาดฟ้า จำนวน 6 คูหา,5,,เขตสีส้ม,3,1,18.5,35920000,40,2025-10-15 07:33:11.630000+00:00,2025-10-14 05:09:23.478000+00:00,"4-storey commercial building with mezzanine and rooftop, 6 units","ที่ดินจำนวน 2 แปลงติดต่อกัน เป็นรูปหลายเหลี่ยม ตั้งอยู่ติดถนน 2 ด้าน ขนาดแปลงที่ดินด้านทิศใต้ติดถนนลาดพร้าว กว้างประมาณ 18.5 ม. ด้านทิศเหนือติดซอยลาดพร้าว 35/1 กว้างประมาณ 12 ม. ลึกสุดติดคลองน้ำแก้วประมาณ 48.5 ม.

บสส. รับโอนกรรมสิทธิ์สิ่งปลูกสร้าง ประกอบด้วย
1. ตึกแถว 5 ชั้น เลขที่ 1783/1-2 
2. ตึกแถว 4 ชั้น ไม่มีเลขที่ 
3. ตึกแถว 4 ชั้น (มีชั้นลอย) ไม่มีเลขที่ 
4. ตึกแถวชั้นเดียว ไม่มีเลขที่ 
5. ตึกแถว 4 ชั้น (มีชั้นลอย) เลขที่ 1783/55-56 
ทั้งนี้ ข้อมูลจากการสำรวจสภาพทรัพย์สินพบสิ่งปลูกสร้างมีลักษณะเป็นอาคารพาณิชย์ 4 ชั้นมีชั้นลอยและดาดฟ้า จำนวน 6 คูหา ภายในเจาะทะลุถึงกันทั้ง 6 คูหา มีลักษณะใช้ประโยชน์ร่วมกัน +พื้นที่อาคารบริเวณ ชั้นที่ 3 และชั้นที่ 4 ถูกเพลิงไหม้+

ถนนผ่านหน้าทรัพย์สิน ได้แก่ ถนนลาดพร้าว เป็นทางสาธารณประโยชน์ ผิวจราจรคอนกรีต กว้างประมาณ 18 ม. เขตทางกว้างประมาณ 30 ม.

ทรัพย์สินสามารถผ่านเข้า-ออกทางซอยลาดพร้าว 35/1 ได้อีกทางหนึ่ง ได้แก่ โฉนดที่ดินเลขที่ 121141 เลขที่ดิน 59 ซึ่งยังไม่ได้จดภาระจำยอมให้กับแปลงทรัพย์สิน ++ผู้สนใจควรตรวจสอบเรื่องสิทธิในการใช้ทางให้เป็นที่พึงพอใจก่อนการเสนอซื้อ++ 
หมายเหตุ :
- ทรัพย์สินตั้งอยู่ในย่านที่อยู่อาศัย มีสาธารณูปโภคครบ การคมนาคมสะดวก
- ทรัพย์สินทางด้านทิศตะวันตกติดคลองน้าแก้ว ซึ่งจากการตรวจสอบภาพถ่ายทางอากาศพบว่าทรัพย์สินมีลักษณะก่อสร้างอาคารชิดแนวเขตคลอง แต่ ณ วันสารวจไม่พบหมุดหลักเขตที่ดิน จึงไม่สามารถตรวจสอบได้ว่าทรัพย์สินก่อสร้างอาคารเกินแนวระยะร่นเขตคลองหรือไม่ ++ผู้สนใจควรตรวจสอบข้อมูลในประเด็นที่เกี่ยวข้องให้เป็นที่พึงพอใจก่อนการเสนอซื้อ++","Two adjacent polygonal plots of land face the road on two sides. The southern side of the plot borders Lat Phrao Road, approximately 18.5 meters wide. The northern side borders Soi Lat Phrao 35/1, approximately 12 meters wide. The deepest point is Khlong Nam Kaew, approximately 48.5 meters deep.

The SSO has transferred ownership of the following buildings:
1. 5-story shophouse, number 1783/1-2
2. 4-story shophouse, unnumbered
3. 4-story shophouse (with mezzanine), unnumbered
4. 1-story shophouse, unnumbered
5. 4-story shophouse (with mezzanine), number 1783/55-56
Information from the property survey revealed the buildings consist of six four-story commercial buildings with a mezzanine and rooftop, each connected to a shared use. +The building area on the 3rd and 4th floors was burned.+

The road in front of the property is Lat Phrao Road, a public road with a concrete surface approximately 18 meters wide and a right-of-way approximately 30 meters wide.

Another access route to the property is via Soi Lat Phrao 35/1, under title deed number 121141, land number 59, which has not yet been registered with an easement. ++Interested parties should thoroughly verify the rights of way before making an offer.++

Note:
- The property is located in a residential area with complete utilities and convenient transportation.
- The property to the west is adjacent to the Nam Kaew Canal. Aerial photographs show that the property is constructed close to the canal boundary. However, no boundary markers were found on the survey date, making it impossible to determine whether the property exceeds the canal boundary. ++Interested parties should thoroughly verify the relevant information before making an offer.++",,"เลขที่ 1783/1-2, 1783/55-56","No. 1783/1-2, 1783/55-56",ลาดพร้าว,Ladprao,,13.802168,100.581081,1,1,1017,101704.0,0,1,0.0,652.0,63.0,อาคารพาณิชย์,4296,โรงเรียนเซนต์จอห์น,6039,สวนจตุจักร,2990,วีรดา คลินิก,3939,หมอหญิงลาดพร้าวสัตวแพทย์,4022,7-Eleven สาขา ลาดพร้าว 80 (รุ่งเรีอง) (07312),703,บริษัท สหพรพรหม จำกัด,14961,กรุงเทพมหานคร,3085,แม๊กซ์แวลู วังหิน พลาซ่าลากูน,3953.0,สถานีรัชดาภิเษก,6794.0,สถานีรถไฟฟ้าใต้ดินสุทธิสาร,5351.0,การบินไทย,14961,กรุงเทพมหานคร,2389.0,千手觀世音菩薩,5867.0,อุทยานผีเสื้อและแมลง กรุงเทพฯ,5867.0,อุทยานผีเสื้อและแมลง กรุงเทพฯ,14961,กรุงเทพมหานคร,,,14961,กรุงเทพมหานคร,5984,โรงแรมเซ็นทารา แกรนด์ แอท เซ็นทรัลพลาซ่า ลาดพร้าว กรุงเทพ,2979,Yes! we are coffee maker.,5194,LED Writing Board กระดานเรืองแสง ป้ายเรืองแสง LED กระดานไฟ ป้ายไฟ,5984,โรงแรมเซ็นทารา แกรนด์ แอท เซ็นทรัลพลาซ่า ลาดพร้าว กรุงเทพ,14961,กรุงเทพมหานคร,6772.0,มหาวิทยาลัยราชภัฏจันทรเกษม
5,16,1P0006,อาคารพาณิชย์ 3 ชั้น เลขที่ 388,5,,เขตสีแดง,7,3,3.0,35584300,51,2025-10-15 04:19:21.944000+00:00,2025-10-14 06:36:36.549000+00:00,"3-storey commercial building, No. 388","ที่ดินเป็นรูปหลายเหลี่ยม ขนาดแปลงทีดินด้านทิศเหนือติดถนน กว้างประมาณ 3 ม. ลึกสุดประมาณ 18 ม.


บสส. รับโอนกรรมสิทธิ์สิ่งปลูกสร้างเป็นอาคารพาณิชย์ 3 ชั้น เลขที่ 388 ทั้งนี้ ข้อมูลจากการสำรวจสภาพทรัพย์สินพบสิ่งปลูกสร้างมีลักษณะเป็นตึกแถว 3 ชั้น (ต่อเติมเป็น 5 ชั้น) พื้นที่ใช้สอยรวมประมาณ 374 ตร.ม.

ถนนผ่านหน้าทรัพย์สิน ได้แก่ ถนนเจริญกรุง เป็นทางสาธารณประโยชน์ ผิวจราจรลาดยาง กว้างประมาณ 12 ม. เขตทางกว้างประมาณ 18 ม.
หมายเหตุ :
- ทรัพย์สินตั้งอยู่ติดถนนเจริญกรุง อยู่ในย่านพาณิชยกรรม ระบบสาธารณูปโภคครบครัน 
- การคมนาคมสะดวกเพียง 300 ม. จากสถานีรถไฟฟ้า MRT (สถานีวัดมังกร)
- สถานที่สำคัญบริเวณใกล้เคียง ได้แก่ ย่านเยาวราช, วัดมังกรกมลาวาส, วัดชัยชนะสงคราม และโรงพยาบาลกลาง เป็นต้น","The land is polygonal in shape, with the northern side of the plot facing a road, approximately 3 meters wide and 18 meters deep.

The SSO has transferred ownership of a three-story commercial building, number 388. Data from the property survey revealed the building to be a three-story shophouse (extended to five stories), with a total usable area of ​​approximately 374 square meters.

The road in front of the property is Charoen Krung Road, a public road with a paved surface, approximately 12 meters wide and a right-of-way approximately 18 meters wide.
Note:
- The property is located on Charoen Krung Road, in a commercial area with complete public utilities.
- Convenient transportation, only 300 meters from the MRT (Wat Mangkon Station).
- Nearby landmarks include Yaowarat, Wat Mangkon Kamalawat, Wat Chai Chana Songkhram, and the Central Hospital.",,-,-,เจริญกรุง,Charoen Krung,,13.7438076,100.5076438,1,1,1013,101301.0,0,0,0.0,92.0,23.0,อาคารพาณิชย์,3020,โรงเรียนสตรีวิทยา,3032,สนามหลวง,1315,โรงพยาบาลหัวเฉียว,2292,คลินิกสัตว์ด็อกเตอร์จุฬา (Dr. Chula's Animal Clinic),3995,ท็อปส์ เซ็นทรัล บางรัก,3860,โรงแรมปทุมวันปริ๊นเซส,2368,กรุงเทพมหานคร,3995,ท็อปส์ เซ็นทรัล บางรัก,1434.0,การรถไฟแห่งประเทศไทย,1434.0,การรถไฟแห่งประเทศไทย,849.0,ป้ายรถประจำทาง ห้างเมอร์รีคิงเจริญกรุง,2368,กรุงเทพมหานคร,4050.0,วัดพระศรีมหาอุมาเทวี (วัดแขก),3817.0,อาคารถาวรวัตถุ (ตึกแดง),3860.0,โรงแรมปทุมวันปริ๊นเซส,2368,กรุงเทพมหานคร,1711.0,เกาะรัตนโกสินทร์,2368,กรุงเทพมหานคร,3860,โรงแรมปทุมวันปริ๊นเซส,6516,โรงแรมบ้านวังหลัง ริเวอร์ไซด์,4460,The Aiyapura Bangkok,3622,โรงแรมแมนดาริน โอเรียนเต็ล กรุงเทพ,2368,กรุงเทพมหานคร,2639.0,มหาวิทยาลัยเทคโนโลยีราชมงคลพระนคร วิทยาเขตชุมพรเขตอุดมศักดิ์
6,17,3A2272,ทาวน์เฮ้าส์ 3 ชั้น เลขที่ 580/3,1,,เขตสีเหลือง,1,1,5.0,4724300,54,2025-10-14 07:34:28.482000+00:00,2025-10-14 07:32:47.523000+00:00,"3-storey townhouse, No. 580/3","ที่ดินเป็นรูปสี่เหลี่ยมผืนผ้า ขนาดแปลงที่ดินด้านทิศตะวันตกติดถนน กว้างประมาณ 5 ม. ลึกประมาณ 17.3 ม.

บสส. รับโอนกรรมสิทธิ์สิ่งปลูกสร้างระบุเป็นทาวน์เฮ้าส์ 3 ชั้น เลขที่ 580/3

ถนนผ่านหน้าทรัพย์สิน ได้แก่ ซอยบ้านกลางเมือง ลาดพร้าว 87 เป็นทางในโครงการจัดสรรที่ได้รับอนุญาตแล้ว ผิวจราจรคอนกรีต กว้างประมาณ 10 ม. เขตทางกว้างประมาณ 12 ม.

ข้อมูลค่าส่วนกลาง ณ วันที่ 7 พ.ค. 67 ประมาณ 20,217.60 บาท / ปี

หมายเหตุ : - ทรัพย์สินตั้งอยู่ในย่านที่อยู่อาศัย","The land is rectangular in shape. The western side of the plot faces a road, approximately 5 meters wide and 17.3 meters deep.

The SSO has transferred ownership of the building, identified as a 3-story townhouse, number 580/3.

The road in front of the property is Soi Ban Klang Muang, Lat Phrao 87, a permitted housing development. The concrete surface is approximately 10 meters wide and the right-of-way is approximately 12 meters wide.

The common area fee as of May 7, 2024, is approximately 20,217.60 baht per year.

Note: - The property is located in a residential area.",,บ้านกลางเมือง,Baan Klang Muang,ลาดพร้าว,Lat Phrao,,13.792433,100.622673,1,1,1045,104501.0,0,0,0.0,86.4,21.6,ทาวน์เฮ้าส์/ทาวน์โฮม,952,โรงเรียนมัธยมวัดบึงทองหลาง,3192,บิ๊กด๊อกคาเฟ่ คาเฟ่หมาใหญ่ใจดี,3620,Vejthani International Hospital,2209,โรงพยาบาลสัตว์ฮันนี่,4475,7-Eleven สาขา ลาดพร้าว 80 จุด 2 (01430),2540,คริสตัล ดีไซน์ เซ็นเตอร์ (ซีดีซี),19625,กรุงเทพมหานคร,1575,มินิบิ๊กซี ซอยโพธิ์แก้ว,2486.0,ห้างอิมพิเรียลลาดพร้าว,,,3162.0,หมู่บ้านแกรนด์วิลเลจ,19625,กรุงเทพมหานคร,5181.0,บ้านมนต์มายา Baanmonmaya,340.0,แกลลอรี่100 ล้าน เก้า อาร์ต สยาม,3339.0,บริษัท ลีฟวิ่ง อีซี่ จำกัด,19625,กรุงเทพมหานคร,,,19625,กรุงเทพมหานคร,1950,ข้าวแกงปักษ์ใต้,2177,บริษัท เพอร์เฟกต์ เดสทินี่ อินเตอร์เนชั่นแนล จำกัด,1616,Let's Dance Studio Ladphrao 87,2606,Dejavu Sauna,19625,กรุงเทพมหานคร,3830.0,บริษัท ทีวีบูรพา จำกัด
7,18,8Z5735,"บ้านพักอาศัยตึก 2 ชั้น จำนวน 2 หลัง เลขที่ 56/386, 56/393",4,,เขตสีส้ม,9,6,25.0,9154000,57,2025-10-15 04:22:57.024000+00:00,2025-10-14 10:50:22+00:00,"Two-story residential buildings, number 56/386, 56/393","ที่ดินจำนวน 2 แปลงติดต่อกัน เป็นรูปคล้ายสี่เหลี่ยมจัตุรัส ขนาดแปลงที่ดินด้านทิศใต้ติดถนน กว้างประมาณ 25 ม. ลึกประมาณ 23.4 ม.

บสส. รับโอนกรรมสิทธิ์สิ่งปลูกสร้างระบุเป็นบ้านพักอาศัยตึก 2 ชั้น จำนวน 2 หลัง เลขที่ 56/386, 56/393 ทั้งนี้ ข้อมูลจากการสำรวจสภาพทรัพย์สินพบสิ่งปลูกสร้างเป็นอาคารมีการก่อสร้างเป็นอาคารหลังเดียวกัน แต่มีการใช้บ้านเลขที่ 2 เลขที่ ++การโอนกรรมสิทธิ์ทรัพย์สินให้กับผู้ซื้อ บสส.จะดำเนินการตามข้อมูลรายการสิ่งปลูกสร้างที่ บสส. จดทะเบียนรับโอนกรรมสิทธิ์ทางทะเบียนเท่านั้น++  

ถนนผ่านหน้าทรัพย์สิน ได้แก่ ถนนเพชรเกษม 63/2 แยก 18 เป็นทางในโครงการจัดสรรที่ได้รับอนุญาตแล้ว ผิวจราจรคอนกรีต กว้างประมาณ 6 ม. เขตทางกว้างประมาณ 8 ม.
หมายเหตุ : -ทรัพย์สินตั้งอยู่ในย่านที่อยู่อาศัย การคมนาคมสะดวก
-สถานที่สำคัญบริเวณใกล้เคียง ได้แก่ ที่ทำการไปรษณีย์ภาษีเจริญ ตลาดบางแค เป็นต้น
-ที่ตั้งทรัพย์สินตามหน้าเอกสารสิทธิ์ (โฉนดที่ดิน) ระบุเป็น ตำบลบางแคเหนือ (หลักสอง) อำเภอภาษีเจริญ กรุงเทพมหานคร","Two adjacent plots of land are roughly square in shape. The southern side of the plot faces a road, measuring approximately 25 meters wide and 23.4 meters deep.

The S.S.O. has transferred ownership of two two-story residential buildings, numbers 56/386 and 56/393. Data from the property survey revealed that the buildings are a single building, but are shared by two different house numbers. ++The S.S.O. will transfer ownership to the buyer only based on the building information registered by the S.S.O. in the registration process.++

The road in front of the property is Phetkasem Road 63/2, Intersection 18, a road within a permitted housing development. The concrete surface is approximately 6 meters wide and the right-of-way is approximately 8 meters wide.
Note: - The property is located in a residential area with convenient transportation. - Important nearby locations include the Phasi Charoen Post Office and Bang Khae Market.
- The property's location, as per the title deed, is listed as Bang Khae Nuea Subdistrict (Lak Song), Phasi Charoen District, Bangkok.",,"หลักสองนิเวศน์ เลขที่ 56/386, 56/393","Laksong Niwet No. 56/386, 56/393",เพชรเกษม,Phetkasem,-,13.7051,100.38691,1,1,1040,104004.0,0,1,0.0,584.4,46.1,บ้าน,4514,โรงเรียนปัญญาวรคุณ,1313,บ้านแมน,2842,โรงพยาบาลเกษมราษฎร์ บางแค,650,โรงพยาบาลสัตว์ อนุรักษ์เมตตาสัตว์,1166,7-Eleven สาขา LPN เพชรเกษม 98 (10761),1354,บิ๊กซี ซูเปอร์เซ็นเตอร์ เพชรเกษม 1,23614,กรุงเทพมหานคร,1354,บิ๊กซี ซูเปอร์เซ็นเตอร์ เพชรเกษม 1,1565.0,เพชรเกษม ซอย 94,,,,,23614,กรุงเทพมหานคร,,,1301.0,พระภูมิ,2683.0,ท่าสุขสันต์,23614,กรุงเทพมหานคร,,,23614,กรุงเทพมหานคร,1006,นายชิมโจ๊กฮ่องกงสูตรข้าวกล้อง,2749,ไมโลดิบ A&T บางแค,3143,สถาบันโยคะศาสตร์และการพัฒนา,1706,Garden spa การ์เด้น สปา,23614,กรุงเทพมหานคร,6343.0,Die bmeisten
8,19,4T0182,โครงการเซ็นจูเรียน ปาร์ค,3,,น้ำตาล,1,1,10.0,3405000,63,2025-10-15 02:25:35.365000+00:00,2025-10-15 02:25:35.364000+00:00,Centurion Park,"- ห้องชุดพักอาศัย เลขที่ 5/41 ชั้นที่ 3 อาคารเลขที่ 5 ชื่ออาคารชุดเซ็นจูเรียน ปาร์ค ทะเบียนอาคารชุดเลขที่ 7/2536
 
- อัตราส่วนแห่งกรรมสิทธิ์ในทรัพย์ส่วนกลาง : 401.41 ส่วน ใน 100,000 ส่วน

- ข้อมูลอาคารชุด : อาคารสูง 15 ชั้น มีจำนวนห้องชุดรวม 202 ห้อง โดยโครงการฯ มีทั้งหมด 1 อาคาร ลิฟท์โดยสารจำนวน 2 ชุด/อาคาร สระว่ายน้ำ ยามรักษาการณ์ 24 ชม. กล้องวงจรปิด
หมายเหตุ :
-ข้อมูลจากการสำรวจสิ่งปลูกสร้างพบว่า ห้องชุดทรัพย์สินเลขที่ 5/41 เจาะทะลุผนังถึงกันกับห้องเลขที่ 5/42(รหัสทรัพย์ 4T0183)
-ทรัพย์สินที่ขายติดปัญหาเรื่องการออกหนังสือรับรองการปลอดหนี้อาจเกิดความล่าช้าใน การโอนกรรมสิทธิ์การที่ผู้จะซื้อเข้าเสนอราคาซื้อถือว่ารับทราบและตกลงยอมรับไม่ถือเอาเหตุดังกล่าว เพื่อบอกเลิกคำขอเสนอซื้อ และยินยอมให้ผู้จะขายดำเนินการให้ได้มาซึ่งหนังสือรับรองการปลอดหนี้ หรือดำเนินการอื่นใด เพื่อจดทะเบียนโอนกรรมสิทธิ์ให้แก่ผู้จะซื้อได้ภายในระยะเวลาที่ผู้จะขายกำหนด โดยผู้จะซื้อตกลงไม่เรียกร้องค่าเสียหายใด ๆจากผู้จะขายทั้งสิ้น 

++ผู้สนใจควรตรวจสอบข้อมูลในประเด็นที่เกี่ยวข้องให้เป็นที่พึงพอใจก่อนการเสนอซื้อ++","- Residential Unit No. 5/41, 3rd Floor, Building No. 5, Centurion Park Condominium, Condominium Registration No. 7/2536

- Ownership Ratio of Common Property: 401.41 per 100,000

- Condominium Information: This 15-story building has a total of 202 units. The project consists of one building, two passenger elevators per building, a swimming pool, 24-hour security, and CCTV.
Note:
- Building survey data reveals that Unit No. 5/41 has a wall connecting Unit No. 5/42 (Property Code 4T0183).
- The property for sale is experiencing issues with the issuance of a debt-free certificate, which may result in delays in the transfer of ownership. The purchaser's bidding is deemed to acknowledge and agree to refrain from accepting these grounds and to cancel the offer. The seller agrees to obtain the debt-free certificate or undertake any other actions. This allows the buyer to register the transfer of ownership within the timeframe specified by the seller. The buyer agrees not to seek any damages from the seller.

++Interested parties should thoroughly review the relevant information before making an offer.++",,5/41 เซ็นจูเรียน ปาร์ค,5/41 Centurion Park,ถนนพหลโยธิน (ทล.1),Phahonyothin Road (Highway 1),10400,13.7827424,100.539055,1,1,1014,,0,0,0.0,61.0,15.25,อาคารชุด,5171,โรงเรียนสุรศักดิ์มนตรี,4778,สวนสันติภาพ,4876,โรงพยาบาลพญาไท 1,4030,คลินิกหมอกมลรักษาสัตว์,1918,7-Eleven สาขา พหลโยธิน 2 (03788),3625,เซ็นจูรี่ เดอะ มูฟวี่ พลาซ่า,7658,กรุงเทพมหานคร,2482,ท็อปส์ มินิซูเปอร์มาร์เก็ต | สาขาพิบูลวัฒนา 8,5480.0,สถานีบางซื่อ,2616.0,Sam Sen,1583.0,ตรงข้ามซอยราชครู,7658,กรุงเทพมหานคร,1940.0,Ganesha Veerakanapati Shrine,3549.0,พิพิธภัณฑ์เด็กกรุงเทพมหานคร แห่งที่ 1 (จตุจักร),4778.0,สวนสันติภาพ,7658,กรุงเทพมหานคร,,,7658,กรุงเทพมหานคร,4170,โรงแรม เดอะ สุโกศล กรุงเทพ,4170,โรงแรม เดอะ สุโกศล กรุงเทพ,4372,สนามกีฬากองทัพบก,565,บ้านตำนานไทย ทิชา,7658,กรุงเทพมหานคร,4599.0,อาคาร มิว
9,20,3A2201,อาคารชุด ไอดิโอ โมบิ บางซื่อ แกรนด์ อินเตอร์เชนจ์,3,,เขตสีส้ม,1,1,25.0,3105000,74,2025-10-15 10:03:25.111000+00:00,2025-10-15 10:03:25.109000+00:00,Ideo Mobi Bang Sue Grand Interchange Condominium,"ห้องชุดพักอาศัย เลขที่ 5/36 ชั้นที่ 9 อาคารรเลขที่ 5 ชื่ออาคารชุด ไอดิโอ โมบิ บางซื่อ แกรนด์ อินเตอร์เชนจ์ ทะเบียนอาคารชุดเลขที่ 8/2560 

อัตราส่วนแห่งกรรมสิทธิ์ในทรัพย์ส่วนกลาง : 32.44 ส่วน ใน 19,771.23 ส่วน

ข้อมูลอาคารชุด : อาคารสูง 32 ชั้น มีจำนวนห้องชุดรวม 661 ห้อง โดยโครงการฯ มีทั้งหมด 1 อาคาร ลิฟท์โดยสาร 4 ชุด สระว่ายน้ำ ฟินเนส ยามรักษาการ 24 ช.ม. กล้องวงจรปิด บัตรเข้า-ออก ระบบป้องกันอัคคีภัย

ข้อมูลค่าส่วนกลาง ณ วันที่ 7 พ.ค. 67 ประมาณ 21,410.40 บาท / ปี","Condominium unit number 5/36, 9th floor, Building 5, Condominium name: Ideo Mobi Bang Sue Grand Interchange, Condominium registration number 8/2017

Common property ownership ratio: 32.44 out of 19,771.23

Condominium information: This 32-story building has a total of 661 units. The project features one building, four passenger elevators, a swimming pool, a fitness center, 24-hour security, CCTV, access card access, and a fire protection system.

Common property fees as of May 7, 2024 are approximately 21,410.40 baht per year.",,ไอดิโอ โมบิ บางซื่อ แกรนด์ อินเตอร์เชนจ์,Ideo Mobi Bang Sue Grand Interchange,ประชาชื่น,Prachachuen,,13.806664,100.533175,1,1,1029,102901.0,0,0,32.44,32.44,0.0,อาคารชุด,3124,โรงเรียนโยธินบูรณะ,5179,อุทยานผีเสื้อและแมลง กรุงเทพฯ,8211,โรงพยาบาลยันฮี,4478,คลินิกหมอกมลรักษาสัตว์,8121,7-Eleven สาขา บางกรวย (00049),4522,เจเจมอลล์ จตุจักร ติดแอร์,10208,กรุงเทพมหานคร,4009,ร้านโครงการหลวง สาขา ตลาด อ.ต.ก.,2371.0,บางโพ,7393.0,สถานีรถไฟชุมทางบางซื่อ,5575.0,Transport Terminal 2 Arrival,10208,กรุงเทพมหานคร,4370.0,วัดพระศิวะเจ้า,5179.0,อุทยานผีเสื้อและแมลง กรุงเทพฯ,5179.0,อุทยานผีเสื้อและแมลง กรุงเทพฯ,10208,กรุงเทพมหานคร,,,10208,กรุงเทพมหานคร,3039,ก๋วยเตี๋ยว เนื้อ นายก๊ง เจ้าเก่า,3471,โอไรออน คอฟฟี่,4152,ศูนย์สุขภาพชุมชนอุทัยรัตน์,4709,39 underground sauna,10208,กรุงเทพมหานคร,5987.0,สำนักพัฒนาคอมพิวเตอร์ และเทคโนโลยีเพื่ออุตสาหกรรม
10,21,3A1387,หมู่บ้านฮาบิเทีย พาร์ค เทียนทะเล 28,4,,เขตสีเขียว,6,5,21.5,8395000,77,2025-10-16 08:12:26.162000+00:00,2025-10-16 08:12:26.159000+00:00,"Habitia Park Village, Thian Thale 28","รายละเอียดทรัพย์สิน: 
ที่ดินเป็นรูปคล้ายสี่เหลี่ยมผืนผ้า ขนาดแปลงที่ดินด้านทิศเหนือติดถนน กว้างประมาณ 21.5 ม. ลึกสุดประมาณ 19.5 ม.

บสส.รับโอนกรรมสิทธิ์สิ่งปลูกสร้าง ระบุเป็น รั้วคอนกรีต ไม่มีเลขที่,  บ้านพักอาศัยตึก 2 ชั้น เลขที่ 22/202

ถนนผ่านหน้าทรัพย์สิน ได้แก่ ถนนภายในโครงการหมู่บ้านฮาบิเทีย พาร์ค เทียนทะเล 28 เป็นทางในโครงการจัดสรรที่ได้รับอนุญาตแล้ว ผิวจราจรคอนกรีต กว้างประมาณ 7 ม. เขตทางกว้างประมาณ 9 ม.

ข้อมูลค่าส่วนกลาง ณ วันที่ 7 พ.ค. 67 ประมาณ 27,112.80 บาท / ปี

หมายเหตุ :
-จากการตรวจสอบตาม DSI Map พบว่าที่ดินทรัพย์สินตัองอยู่ในเขตป่าชายเลน ปี 2543 แต่ที่ดินทรัพย์สินอยู่ภายในโครงการจัดสรรซึ่งแยกออกมาจากโฉนดที่ดินเลขที่ 38259 (แปลงแม่)โดยเป็นโฉนดที่มาจากการรวมแปลงระหว่าง โฉนดที่ดินเลขที่ 38259 และ 169213และพบว่าโฉนดเลขที่ 38259 ออกโฉนดที่ดินเมื่อวันที่ 18 กรกฎาคม 2520 ซึ่งเป็นการออกโฉนดก่อนประกาศป่าชายเลน และภายหลังมีการรวมโฉนดกับแปลงอื่นๆ ประกอบด้วยโฉนดเลขที่ 137427-137429, 152504, 38261, 81514 และ112984 เมื่อวันที่ 30 เมษายน 2556 โดยโฉนดที่ดินที่นํามารวมนั้น มีการออกโฉนดในระหว่างปี 2520-2550 โดยแปลงที่ออกโฉนดหลังประกาศป่าชายเลน ปี 2543 คือโฉนดเลขที่
152504 ที่ออกเมื่อปี 2550 แต่เมื่อพิจราณาจากรูปแปลงแล้วพบว่าเป็นที่ดินส่วนด้านหน้าทางเข้าของโครงการ ไม่ได้อยู่ในบริเวณตําแหน่งที่ตั้งของทรัพย์สิน
-จากการสอบถามเจ้าหน้าที่ กระทรวงทรัพยากรทางทะเลและชายฝั่ง ได้รับแจ้งว่า หากทรัพย์สินในกรณีที่มีการครอบครองและ ทราบว่าเป็นป่าชายเลนตามมติครม.ปี2543 หากมีเอกสารเป็นโฉนดแบ่งแยกหลัง ปี 2530 ซึ่งเป็นเอกสารสิทธิ์โฉนดที่ดิน หากจะทําการก่อสร้างหรือกระทําการใดๆบนที่ดินไม่จําเป็นต้องขออนุญาตกับหน่วยงานดังกล่าว
++ผู้สนใจควรตรวจสอบข้อมูลในประเด็นที่เกี่ยวข้องให้เป็นที่พึงพอใจก่อนการเสนอซื้อ++

+ทรัพย์รายการนี้ ผู้สนใจสามารถเข้าร่วมการประมูล ด้วยการลงทะเบียนและยื่นซองประมูล พร้อมเอกสารประกอบการประมูล  ได้ด้วยตนเอง ที่ บสส. หรือผ่านไปรษณีย์ด่วนพิเศษ (EMS)  ซึ่งมีกำหนดการดังนี้
1.ลงทะเบียน และยื่นซองประมูลด้วยตนเองภายในวันที่ 16 ต.ค. 68 ถึง วันที่ 30 ต.ค. 68 ที่ บสส. 
2.ลงทะเบียน และยื่นซองประมูลผ่านไปรษณีย์ด่วนพิเศษ (EMS) จะต้องดำเนินการดังนี้","The land is rectangular in shape. The northern side of the plot faces a road, approximately 21.5 meters wide and 19.5 meters deep.

The SSO has transferred ownership of the building, identified as a concrete fence with no number, and a two-story residential building, number 22/202.

The road in front of the property is the internal road within the Habitia Park Thian Talay 28 housing development. This is an approved road within the housing development, with a concrete surface approximately 7 meters wide and a right-of-way approximately 9 meters wide.

As of May 7, 2024, the common area fee is approximately 27,112.80 baht per year.

Note:
- A DSI map inspection revealed that the property must be located within a mangrove forest. In 2000, however, the property is located within a housing development, separated from title deed number 38259 (the parent plot). This title deed is derived from the merger of two plots. Title deeds No. 38259 and 169213 were found. Title deed No. 38259 was issued on July 18, 1977, prior to the mangrove forest declaration. It was later combined with other title deeds, including title deeds No. 137427-137429, 152504, 38261, 81514, and 112984, on April 30, 2013. The combined title deeds were issued between 1977 and 2007. Title deed No. 152504, issued in 2007, was issued after the mangrove forest declaration in 2000. However, upon examination of the plot, it appears to be located in front of the project entrance, not within the property's location.
-Inquiries with officials from the Ministry of Marine and Coastal Resources revealed that if the property is occupied and It is known that this land is a mangrove forest according to the Cabinet Resolution of 2000. If there is a deed issued after 1987, which is a title deed, then construction or any other activity on the land is not required to request permission from the relevant agency.
++Interested parties should thoroughly review the relevant information before making a bid.++

+For this property, those interested can participate in the auction by registering and submitting the bid envelope along with supporting documents in person at the SSO or via EMS. The following deadlines apply:
1. Register and submit the bid envelope in person between October 16, 2025, and October 30, 2025, at the SSO.
2. Register and submit the bid envelope via EMS. The following procedures apply:",,ฮาบิเทีย พาร์ค เทียนทะเล 28,"Habitia Park Village, Thian Thale 28",บางขุนเทียน,Bang Khun Thian,,13.806664,100.533175,1,1,1021,102107.0,0,1,0.0,408.0,2.0,บ้าน,3124,โรงเรียนโยธินบูรณะ,5179,อุทยานผีเสื้อและแมลง กรุงเทพฯ,8211,โรงพยาบาลยันฮี,4478,คลินิกหมอกมลรักษาสัตว์,8121,7-Eleven สาขา บางกรวย (00049),4522,เจเจมอลล์ จตุจักร ติดแอร์,10208,กรุงเทพมหานคร,4009,ร้านโครงการหลวง สาขา ตลาด อ.ต.ก.,2371.0,บางโพ,7393.0,สถานีรถไฟชุมทางบางซื่อ,5575.0,Transport Terminal 2 Arrival,10208,กรุงเทพมหานคร,4370.0,วัดพระศิวะเจ้า,5179.0,อุทยานผีเสื้อและแมลง กรุงเทพฯ,5179.0,อุทยานผีเสื้อและแมลง กรุงเทพฯ,10208,กรุงเทพมหานคร,,,10208,กรุงเทพมหานคร,3039,ก๋วยเตี๋ยว เนื้อ นายก๊ง เจ้าเก่า,3471,โอไรออน คอฟฟี่,4152,ศูนย์สุขภาพชุมชนอุทัยรัตน์,4709,39 underground sauna,10208,กรุงเทพมหานคร,5987.0,สำนักพัฒนาคอมพิวเตอร์ และเทคโนโลยีเพื่ออุตสาหกรรม
